id,name,sample type,sample link id,pitch,pitch correction (cents),length,start loop,end loop,sample rate,bits per sample
0,Acoustic Bass A51,mono,0,106,29,156,145,152,24000,16
1,Acoustic Bass A11,mono,0,57,-1,2836,2723,2832,24000,16
2,Acoustic Bass A31,mono,0,84,-45,561,535,558,24000,16
3,Piano Gb5,mono,0,104,35,6235,6047,6231,24000,16
4,Piano C5,mono,0,98,35,8355,8143,8351,24000,16
5,Piano Db4,mono,0,87,35,14103,13549,14099,24000,16
6,Piano Ab3,mono,0,83,-48,14722,14528,14718,24000,16
7,Piano Db3,mono,0,80,41,12058,11551,12054,24000,16
8,Piano Ab2,mono,0,74,7,14929,11242,14924,24000,16
9,Piano Db2,mono,0,73,-28,8235,5845,8231,24000,16
10,Piano Gb1,mono,0,68,38,10162,6666,10158,24000,16
11,Piano D1,mono,0,63,-15,10165,8323,10162,24000,16
12,Kalimba C5,mono,0,92,-32,648,97,126,24000,16
13,Kalimba C3,mono,0,72,-3,2413,1233,1325,24000,16
14,SynthStrings G4,mono,0,93,35,5099,3,5086,24000,16
15,SynthStrings G3,mono,0,78,-25,5079,8,5072,24000,16
16,SynthStrings G2,mono,0,67,-1,6134,10,6130,24000,16
17,SynthStrings D6,mono,0,112,35,2953,16,2911,24000,16
18,SawBassWave F6,mono,0,109,13,171,161,167,24000,16
19,SawBassWave F5,mono,0,94,-45,66,42,55,24000,16
20,SawBassWave Bb3,mono,0,74,13,1282,1195,1278,24000,16
21,SawBassWave C3,mono,0,64,5,1163,261,334,24000,16
22,SawBassWave C2,mono,0,52,5,1132,914,1060,24000,16
23,SawBassWave C1,mono,0,40,2,1478,1183,1474,24000,16
24,N Guitar E4,mono,0,86,23,1185,717,738,24000,16
25,N Guitar C4,mono,0,82,-8,1201,4,30,24000,16
26,N Guitar Ab3,mono,0,78,-15,1209,36,68,24000,16
27,N Guitar E3,mono,0,74,-1,1193,1141,1182,24000,16
28,N Guitar B2,mono,0,70,-8,1217,209,260,24000,16
29,N Guitar Gb2,mono,0,65,-16,1183,654,722,24000,16
30,N Guitar D2,mono,0,61,12,1315,636,723,24000,16
31,Steel AcGtr C6,mono,0,107,-22,135,125,131,24000,16
32,BariAb3,mono,32,44,25,10087,8464,10083,24000,16
33,BariC4,mono,32,48,13,10295,7562,8852,24000,16
34,BariE4,mono,32,52,6,10761,8851,9581,24000,16
35,BariAb4,mono,32,56,12,12393,11572,12266,24000,16
36,BariC5,mono,32,60,3,10076,9611,10071,24000,16
37,BariE5,mono,32,64,6,11809,11367,11805,24000,16
38,Brush Snare,mono,38,60,0,1334,2,1330,24000,16
39,Cowbell 808,mono,38,70,35,538,456,534,24000,16
40,808 Hat,mono,38,60,0,2819,1946,2815,24000,16
41,808 Click,mono,38,48,50,436,2,432,24000,16
42,808 Snare,mono,38,60,0,1295,2,1291,24000,16
43,Sine Wave,mono,38,60,0,76,36,72,24000,16
44,Snare Verb,mono,38,60,0,3720,2,3716,24000,16
45,Ride Ping,mono,38,60,0,4684,1043,4680,24000,16
46,ChinaCrashCymb,mono,38,60,0,5022,1428,5018,24000,16
47,Castanets,mono,38,60,0,1548,2,1544,24000,16
48,Bell Tree,mono,38,60,0,5882,5451,5878,24000,16
49,Sleigh Bells,mono,38,60,0,3658,2486,3654,24000,16
50,TriangleWave Db5,mono,38,60,0,1125,181,1121,24000,16
51,Mute Triangle,mono,38,60,0,1231,2,1227,24000,16
52,Quica Downstroke,mono,38,60,0,1663,2,1659,24000,16
53,Quica Hi Tone,mono,38,60,0,1881,2,1877,24000,16
54,Rosewood Claves,mono,38,60,0,1151,2,1147,24000,16
55,Guiro Up,mono,38,60,0,3758,2,1392,24000,16
56,Guiro Down,mono,38,60,0,1852,2,1848,24000,16
57,Samba Whistle,mono,38,60,0,705,58,701,24000,16
58,Maracas,mono,38,60,0,1324,2,1320,24000,16
59,Cabasa,mono,38,60,0,1378,2,1374,24000,16
60,Timbale Strike,mono,38,60,0,5010,4548,5006,24000,16
61,Timbale Rimshot,mono,38,60,0,4749,4300,4745,24000,16
62,Low Tumba Tone,mono,38,60,0,2754,2351,2750,24000,16
63,Quinto Tone,mono,38,60,0,3289,2858,3285,24000,16
64,QuintoClosedSlap,mono,38,60,0,1838,2,1834,24000,16
65,M Bongo Tone,mono,38,60,0,1586,1538,1582,24000,16
66,E Bongo Rim,mono,38,60,0,2612,2,1432,24000,16
67,Vibra Loop,mono,38,60,0,1453,90,1449,24000,16
68,Cowbell,mono,38,60,0,1281,820,1050,24000,16
69,Brass Tambourine,mono,38,60,0,2116,1577,2112,24000,16
70,Open High Hat,mono,38,60,0,11248,6003,11244,24000,16
71,High Hat Foot,mono,38,60,0,1251,2,1247,24000,16
72,High Hat Closed,mono,38,60,0,1417,2,1413,24000,16
73,Snare 2,mono,38,60,0,3702,2,3698,24000,16
74,Claps 808ish,mono,38,60,0,2030,2,2026,24000,16
75,Snare 1,mono,38,60,0,2939,2,2935,24000,16
76,Rim Shot,mono,38,60,0,1991,2,1987,24000,16
77,Ride Bell,mono,38,60,0,12476,9574,12471,24000,16
78,Bass Drum New,mono,38,60,0,1032,2,1028,24000,16
79,Met Click,mono,38,60,0,774,2,770,24000,16
80,Sinetick,mono,38,60,0,39,2,35,24000,16
81,Drum Stick,mono,38,60,0,1401,2,1397,24000,16
82,Scratch,mono,38,60,0,1361,2,1357,24000,16
83,Noise Slap,mono,38,60,0,2543,2,2539,24000,16
84,Filter Snap,mono,38,60,0,327,2,323,24000,16
85,Ocean Wave,mono,38,41,-1,7967,163,7960,24000,16
86,Med Crash Cymbal,mono,38,60,0,14402,7338,14342,24000,16
87,Acoustic Tom,mono,38,60,0,6463,5838,6459,24000,16
88,Taiko Drum,mono,38,60,0,3498,2857,3494,24000,16
89,Wood Block,mono,38,60,0,927,2,923,24000,16
90,Agogo Bell,mono,38,60,0,2689,2503,2685,24000,16
91,Carillon C6,mono,38,60,0,2244,1871,2240,24000,16
92,CP-80 EP-C2,mono,92,36,-5,22415,21934,22300,24000,16
93,CP-80 EP-C4,mono,92,60,-5,20770,20522,20613,24000,16
94,CP-80 EP-C6,mono,92,84,-5,13318,11698,11744,24000,16
95,CP-80 EP-E3,mono,92,52,-5,27727,27107,27688,24000,16
96,CP-80 EP-E5,mono,92,76,-5,17535,17269,17487,24000,16
97,CP-80 EP-G2,mono,92,43,-5,27931,27117,27853,24000,16
98,CP-80 EP-G4,mono,92,67,-5,22184,22062,22123,24000,16
99,CP-80 EP-G6,mono,92,91,-5,14404,13598,14225,24000,16
100,DX7 Strike 1,mono,100,38,7,15605,15161,15570,24000,16
101,DX7 Strike 2,mono,100,50,7,15195,14328,15145,24000,16
102,DX7 Strike 3,mono,100,62,7,17600,17461,17564,24000,16
103,DX7 Strike 4,mono,100,74,7,17041,16621,16968,24000,16
104,DX7 Strike 5,mono,100,86,7,17988,16508,17918,24000,16
105,DX7 Strike 6,mono,100,98,7,11993,11219,11944,24000,16
106,DX7 Wave,mono,100,60,0,20360,4889,20293,24000,16
107,Vibes D6,mono,107,60,0,235,225,231,24000,16
108,Vibes D4,mono,107,60,0,2474,1159,1181,24000,16
109,Vibes E3,mono,107,60,0,4026,3354,3392,24000,16
